project_id,phase_order,phase,planned_phase_duration_days,planned_phase_start_offset_days
P00001,1,Preconstruction,23.197115384615387,0.0
P00001,2,Site Preparation,10.670673076923077,23.19711538461539
P00001,3,Earthwork,32.93990384615385,33.86778846153846
P00001,4,Foundation,32.012019230769226,66.8076923076923
P00001,5,Structural Frame,88.14903846153845,98.81971153846155
P00001,6,Masonry,51.96153846153846,186.96875
P00001,7,MEP,52.88942307692308,238.93028846153845
P00001,8,Finishing,67.73557692307692,291.81971153846155
P00001,9,External Works,18.55769230769231,359.55528846153845
P00001,10,Commissioning,7.887019230769231,378.1129807692308
P00002,1,Preconstruction,11.481670929241261,0.0
P00002,2,Site Preparation,13.653878942881502,11.481670929241261
P00002,3,Earthwork,21.10144927536232,25.13554987212276
P00002,4,Foundation,35.06564364876385,46.23699914748508
P00002,5,Structural Frame,78.82011935208865,81.30264279624893
P00002,6,Masonry,56.787723785166236,160.12276214833759
P00002,7,MEP,62.68371696504689,216.9104859335038
P00002,8,Finishing,59.89087809036658,279.5942028985507
P00002,9,External Works,14.274509803921568,339.48508098891733
P00002,10,Commissioning,10.240409207161125,353.7595907928389
P00003,1,Preconstruction,9.47935368043088,0.0
P00003,2,Site Preparation,9.084380610412927,9.479353680430878
P00003,3,Earthwork,40.287253141831236,18.563734290843804
P00003,4,Foundation,25.080789946140037,58.85098743267503
P00003,5,Structural Frame,71.8850987432675,83.93177737881508
P00003,6,Masonry,52.72890484739677,155.8168761220826
P00003,7,MEP,48.38420107719928,208.54578096947932
P00003,8,Finishing,54.30879712746858,256.9299820466787
P00003,9,External Works,10.466786355475762,311.2387791741472
P00003,10,Commissioning,8.29443447037702,321.70556552962296
P00004,1,Preconstruction,17.8209179834462,0.0
P00004,2,Site Preparation,11.209932279909706,17.8209179834462
P00004,3,Earthwork,23.28216704288939,29.03085026335591
P00004,4,Foundation,38.51617757712566,52.3130173062453
P00004,5,Structural Frame,75.88261851015801,90.82919488337097
P00004,6,Masonry,62.660647103085026,166.71181339352898
P00004,7,MEP,54.32505643340858,229.372460496614
P00004,8,Finishing,67.54702784048156,283.6975169300226
P00004,9,External Works,23.857035364936042,351.24454477050415
P00004,10,Commissioning,6.898419864559819,375.1015801354402
P00005,1,Preconstruction,10.440265486725664,0.0
P00005,2,Site Preparation,10.172566371681416,10.440265486725664
P00005,3,Earthwork,30.25,20.612831858407077
P00005,4,Foundation,28.108407079646017,50.86283185840708
P00005,5,Structural Frame,74.95575221238938,78.9712389380531
P00005,6,Masonry,69.06637168141593,153.92699115044246
P00005,7,MEP,57.28761061946903,222.9933628318584
P00005,8,Finishing,58.89380530973452,280.28097345132744
P00005,9,External Works,18.471238938053098,339.174778761062
P00005,10,Commissioning,5.353982300884955,357.646017699115
P00006,1,Preconstruction,10.856781802864363,0.0
P00006,2,Site Preparation,7.533277169334457,10.856781802864361
P00006,3,Earthwork,16.617523167649534,18.39005897219882
P00006,4,Foundation,16.174389216512214,35.00758213984835
P00006,5,Structural Frame,59.37994945240101,51.18197135636056
P00006,6,Masonry,51.18197135636058,110.56192080876156
P00006,7,MEP,34.12131423757371,161.74389216512213
P00006,8,Finishing,52.28980623420388,195.8652064026959
P00006,9,External Works,8.197978096040439,248.15501263689973
P00006,10,Commissioning,6.647009267059815,256.35299073294016
P00007,1,Preconstruction,13.556717618664523,0.0
P00007,2,Site Preparation,10.91150442477876,13.556717618664523
P00007,3,Earthwork,32.07320997586484,24.468222043443284
P00007,4,Foundation,35.37972646822204,56.541432019308125
P00007,5,Structural Frame,87.95333869670152,91.92115848753018
P00007,6,Masonry,65.79967819790829,179.8744971842317
P00007,7,MEP,47.9444891391794,245.67417538213996
P00007,8,Finishing,85.30812550281577,293.6186645213194
P00007,9,External Works,21.16170555108608,378.9267900241352
P00007,10,Commissioning,10.91150442477876,400.08849557522126
P00008,1,Preconstruction,5.159958720330238,0.0
P00008,2,Site Preparation,7.739938080495356,5.159958720330239
P00008,3,Earthwork,15.479876160990711,12.899896800825593
P00008,4,Foundation,22.187822497420022,28.379772961816307
P00008,5,Structural Frame,50.82559339525284,50.56759545923633
P00008,6,Masonry,44.375644994840044,101.39318885448917
P00008,7,MEP,39.73168214654283,145.7688338493292
P00008,8,Finishing,44.89164086687306,185.50051599587204
P00008,9,External Works,13.673890608875128,230.3921568627451
P00008,10,Commissioning,5.933952528379773,244.06604747162024
P00009,1,Preconstruction,12.363488182559088,0.0
P00009,2,Site Preparation,7.991035044824775,12.36348818255909
P00009,3,Earthwork,29.55175224123879,20.35452322738386
P00009,4,Foundation,38.598207008964955,49.906275468622646
P00009,5,Structural Frame,72.52241238793806,88.5044824775876
P00009,6,Masonry,65.13447432762837,161.02689486552566
P00009,7,MEP,54.88182559087204,226.16136919315403
P00009,8,Finishing,68.90383048084759,281.04319478402607
P00009,9,External Works,12.966585167074165,349.9470252648736
P00009,10,Commissioning,7.0863895680521605,362.91361043194786
P00010,1,Preconstruction,8.345864661654135,0.0
P00010,2,Site Preparation,9.10457963089542,8.345864661654135
P00010,3,Earthwork,26.807928913192068,17.45044429254955
P00010,4,Foundation,27.819548872180448,44.25837320574162
P00010,5,Structural Frame,87.25222146274777,72.07792207792207
P00010,6,Masonry,66.514012303486,159.33014354066984
P00010,7,MEP,47.29323308270676,225.84415584415586
P00010,8,Finishing,78.14764183185235,273.13738892686257
P00010,9,External Works,9.61038961038961,351.2850307587149
P00010,10,Commissioning,9.10457963089542,360.89542036910456
P00011,1,Preconstruction,22.648387096774194,0.0
P00011,2,Site Preparation,9.991935483870968,22.648387096774194
P00011,3,Earthwork,27.644354838709678,32.64032258064516
P00011,4,Foundation,27.644354838709678,60.28467741935485
P00011,5,Structural Frame,98.58709677419355,87.92903225806452
P00011,6,Masonry,73.94032258064517,186.5161290322581
P00011,7,MEP,53.95645161290322,260.45645161290327
P00011,8,Finishing,63.9483870967742,314.4129032258065
P00011,9,External Works,22.648387096774194,378.3612903225807
P00011,10,Commissioning,11.990322580645161,401.00967741935483
P00012,1,Preconstruction,16.78735632183908,0.0
P00012,2,Site Preparation,9.123563218390805,16.787356321839077
P00012,3,Earthwork,43.42816091954023,25.910919540229884
P00012,4,Foundation,29.92528735632184,69.33908045977012
P00012,5,Structural Frame,75.54310344827587,99.26436781609195
P00012,6,Masonry,56.56609195402299,174.80747126436782
P00012,7,MEP,60.21551724137931,231.3735632183908
P00012,8,Finishing,62.040229885057464,291.5890804597701
P00012,9,External Works,18.24712643678161,353.62931034482756
P00012,10,Commissioning,9.123563218390805,371.8764367816092
P00013,1,Preconstruction,10.740200546946218,0.0
P00013,2,Site Preparation,7.4931631722880585,10.740200546946218
P00013,3,Earthwork,28.22424794895169,18.233363719234273
P00013,4,Foundation,20.980856882406563,46.45761166818597
P00013,5,Structural Frame,54.20054694621695,67.43846855059252
P00013,6,Masonry,48.2060164083865,121.63901549680948
P00013,7,MEP,39.713764813126716,169.84503190519598
P00013,8,Finishing,50.20419325432999,209.5587967183227
P00013,9,External Works,9.241567912488605,259.7629899726527
P00013,10,Commissioning,4.995442114858705,269.0045578851413
P00014,1,Preconstruction,13.306451612903226,0.0
P00014,2,Site Preparation,9.048387096774194,13.306451612903226
P00014,3,Earthwork,27.322580645161292,22.35483870967742
P00014,4,Foundation,25.548387096774196,49.67741935483872
P00014,5,Structural Frame,68.66129032258064,75.2258064516129
P00014,6,Masonry,49.50000000000001,143.88709677419357
P00014,7,MEP,44.17741935483871,193.38709677419354
P00014,8,Finishing,52.33870967741935,237.56451612903228
P00014,9,External Works,14.193548387096774,289.90322580645164
P00014,10,Commissioning,3.903225806451613,304.0967741935484
P00015,1,Preconstruction,8.064,0.0
P00015,2,Site Preparation,8.352,8.064
P00015,3,Earthwork,18.432000000000002,16.415999999999997
P00015,4,Foundation,28.224,34.848
P00015,5,Structural Frame,73.152,63.07199999999999
P00015,6,Masonry,59.903999999999996,136.224
P00015,7,MEP,53.28,196.12800000000001
P00015,8,Finishing,56.160000000000004,249.408
P00015,9,External Works,11.808,305.568
P00015,10,Commissioning,6.6240000000000006,317.376
P00016,1,Preconstruction,10.526582278481014,0.0
P00016,2,Site Preparation,6.516455696202532,10.526582278481015
P00016,3,Earthwork,20.80253164556962,17.043037974683546
P00016,4,Foundation,26.567088607594936,37.84556962025316
P00016,5,Structural Frame,58.39746835443038,64.41265822784811
P00016,6,Masonry,55.89113924050633,122.81012658227849
P00016,7,MEP,45.86582278481012,178.70126582278482
P00016,8,Finishing,52.63291139240506,224.56708860759494
P00016,9,External Works,12.030379746835443,277.2
P00016,10,Commissioning,7.769620253164557,289.23037974683547
P00017,1,Preconstruction,10.688322368421053,0.0
P00017,2,Site Preparation,10.949013157894738,10.688322368421053
P00017,3,Earthwork,31.02220394736842,21.63733552631579
P00017,4,Foundation,25.808388157894736,52.659539473684205
P00017,5,Structural Frame,68.04029605263158,78.46792763157895
P00017,6,Masonry,53.96299342105264,146.50822368421052
P00017,7,MEP,48.227796052631575,200.47121710526318
P00017,8,Finishing,51.87746710526316,248.69901315789477
P00017,9,External Works,9.90625,300.5764802631579
P00017,10,Commissioning,6.517269736842105,310.4827302631579
P00018,1,Preconstruction,9.769376181474481,0.0
P00018,2,Site Preparation,6.608695652173913,9.769376181474481
P00018,3,Earthwork,22.412098298676746,16.3780718336484
P00018,4,Foundation,24.13610586011342,38.790170132325144
P00018,5,Structural Frame,66.3742911153119,62.92627599243855
P00018,6,Masonry,52.007561436672965,129.30056710775045
P00018,7,MEP,49.134215500945174,181.30812854442343
P00018,8,Finishing,52.294896030245745,230.4423440453686
P00018,9,External Works,14.654064272211722,282.73724007561435
P00018,10,Commissioning,6.608695652173913,297.39130434782606
P00019,1,Preconstruction,14.903669724770642,0.0
P00019,2,Site Preparation,5.229357798165138,14.903669724770642
P00019,3,Earthwork,29.545871559633028,20.133027522935777
P00019,4,Foundation,16.21100917431193,49.67889908256882
P00019,5,Structural Frame,62.22935779816514,65.88990825688073
P00019,6,Masonry,45.75688073394495,128.1192660550459
P00019,7,MEP,42.61926605504588,173.87614678899084
P00019,8,Finishing,45.4954128440367,216.4954128440367
P00019,9,External Works,15.688073394495413,261.9908256880734
P00019,10,Commissioning,7.321100917431193,277.6788990825688
P00020,1,Preconstruction,9.688581314878892,0.0
P00020,2,Site Preparation,6.920415224913494,9.688581314878892
P00020,3,Earthwork,26.02076124567474,16.608996539792386
P00020,4,Foundation,21.31487889273356,42.62975778546713
P00020,5,Structural Frame,81.3840830449827,63.94463667820068
P00020,6,Masonry,51.21107266435986,145.32871972318338
P00020,7,MEP,47.61245674740485,196.53979238754323
P00020,8,Finishing,52.871972318339104,244.15224913494808
P00020,9,External Works,13.564013840830448,297.02422145328717
P00020,10,Commissioning,9.411764705882353,310.5882352941176
P00021,1,Preconstruction,9.89795918367347,0.0
P00021,2,Site Preparation,8.165816326530612,9.89795918367347
P00021,3,Earthwork,20.29081632653061,18.06377551020408
P00021,4,Foundation,26.229591836734695,38.354591836734684
P00021,5,Structural Frame,63.099489795918366,64.5841836734694
P00021,6,Masonry,48.74744897959184,127.68367346938774
P00021,7,MEP,47.75765306122449,176.4311224489796
P00021,8,Finishing,47.51020408163265,224.1887755102041
P00021,9,External Works,13.114795918367347,271.69897959183675
P00021,10,Commissioning,6.186224489795918,284.8137755102041
P00022,1,Preconstruction,9.406060606060606,0.0
P00022,2,Site Preparation,9.700000000000001,9.406060606060608
P00022,3,Earthwork,26.454545454545453,19.10606060606061
P00022,4,Foundation,29.687878787878784,45.56060606060606
P00022,5,Structural Frame,90.23939393939393,75.24848484848486
P00022,6,Masonry,64.96060606060605,165.4878787878788
P00022,7,MEP,62.60909090909092,230.44848484848484
P00022,8,Finishing,69.66363636363636,293.0575757575758
P00022,9,External Works,16.46060606060606,362.72121212121215
P00022,10,Commissioning,8.818181818181818,379.1818181818182
P00023,1,Preconstruction,19.077757685352623,0.0
P00023,2,Site Preparation,12.400542495479204,19.077757685352623
P00023,3,Earthwork,35.86618444846293,31.478300180831823
P00023,4,Foundation,33.19529837251356,67.34448462929475
P00023,5,Structural Frame,80.12658227848102,100.53978300180832
P00023,6,Masonry,66.39059674502712,180.66636528028934
P00023,7,MEP,66.00904159132007,247.05696202531647
P00023,8,Finishing,77.26491862567812,313.0660036166365
P00023,9,External Works,23.2748643761302,390.33092224231467
P00023,10,Commissioning,8.394213381555154,413.6057866184448
P00024,1,Preconstruction,15.874564459930314,0.0
P00024,2,Site Preparation,11.372822299651569,15.874564459930314
P00024,3,Earthwork,27.958188153310108,27.247386759581882
P00024,4,Foundation,32.933797909407666,55.205574912892
P00024,5,Structural Frame,82.21602787456446,88.13937282229965
P00024,6,Masonry,64.20905923344948,170.35540069686414
P00024,7,MEP,61.365853658536594,234.5644599303136
P00024,8,Finishing,77.95121951219512,295.9303135888502
P00024,9,External Works,23.930313588850172,373.8815331010453
P00024,10,Commissioning,10.18815331010453,397.81184668989545
P00025,1,Preconstruction,15.809053497942388,0.0
P00025,2,Site Preparation,11.009876543209877,15.809053497942386
P00025,3,Earthwork,18.632098765432097,26.818930041152264
P00025,4,Foundation,27.383539094650207,45.45102880658436
P00025,5,Structural Frame,72.83456790123458,72.83456790123458
P00025,6,Masonry,63.51851851851851,145.66913580246916
P00025,7,MEP,50.81481481481481,209.18765432098766
P00025,8,Finishing,56.74320987654321,260.00246913580247
P00025,9,External Works,18.067489711934154,316.74567901234565
P00025,10,Commissioning,8.186831275720165,334.8131687242798
P00026,1,Preconstruction,18.22978723404255,0.0
P00026,2,Site Preparation,16.71063829787234,18.22978723404255
P00026,3,Earthwork,26.737021276595748,34.94042553191489
P00026,4,Foundation,32.509787234042555,61.677446808510645
P00026,5,Structural Frame,69.8808510638298,94.1872340425532
P00026,6,Masonry,63.19659574468085,164.068085106383
P00026,7,MEP,45.57446808510638,227.26468085106382
P00026,8,Finishing,58.94297872340425,272.8391489361702
P00026,9,External Works,18.837446808510638,331.7821276595744
P00026,10,Commissioning,6.380425531914894,350.6195744680851
P00027,1,Preconstruction,11.592749244712993,0.0
P00027,2,Site Preparation,10.28036253776435,11.592749244712994
P00027,3,Earthwork,28.21631419939577,21.87311178247734
P00027,4,Foundation,27.77885196374622,50.089425981873106
P00027,5,Structural Frame,78.08700906344411,77.86827794561934
P00027,6,Masonry,70.43141993957704,155.95528700906345
P00027,7,MEP,60.36978851963747,226.38670694864052
P00027,8,Finishing,53.15166163141994,286.756495468278
P00027,9,External Works,15.311178247734139,339.9081570996979
P00027,10,Commissioning,6.780664652567976,355.21933534743204
P00028,1,Preconstruction,13.033387622149837,0.0
P00028,2,Site Preparation,6.87214983713355,13.033387622149837
P00028,3,Earthwork,18.48371335504886,19.905537459283384
P00028,4,Foundation,23.22312703583062,38.38925081433224
P00028,5,Structural Frame,64.21905537459283,61.61237785016287
P00028,6,Masonry,59.24267100977199,125.8314332247557
P00028,7,MEP,36.96742671009772,185.07410423452765
P00028,8,Finishing,51.185667752442995,222.04153094462538
P00028,9,External Works,12.796416938110749,273.2271986970684
P00028,10,Commissioning,4.976384364820847,286.02361563517917
P00029,1,Preconstruction,10.933566433566433,0.0
P00029,2,Site Preparation,9.283216783216783,10.933566433566433
P00029,3,Earthwork,29.293706293706293,20.216783216783213
P00029,4,Foundation,17.947552447552447,49.51048951048951
P00029,5,Structural Frame,63.951048951048946,67.45804195804196
P00029,6,Masonry,49.51048951048951,131.4090909090909
P00029,7,MEP,38.989510489510494,180.91958041958043
P00029,8,Finishing,54.46153846153847,219.90909090909093
P00029,9,External Works,13.202797202797203,274.37062937062933
P00029,10,Commissioning,7.426573426573427,287.57342657342656
P00030,1,Preconstruction,15.2228763666947,0.0
P00030,2,Site Preparation,11.264928511354078,15.222876366694699
P00030,3,Earthwork,28.314550042052147,26.487804878048777
P00030,4,Foundation,35.92598822539949,54.802354920100925
P00030,5,Structural Frame,86.7703952901598,90.72834314550042
P00030,6,Masonry,52.062237174095884,177.49873843566021
P00030,7,MEP,49.32211942809083,229.5609756097561
P00030,8,Finishing,59.369217830109335,278.88309503784694
P00030,9,External Works,14.30950378469302,338.2523128679563
P00030,10,Commissioning,9.438183347350714,352.56181665264927
P00031,1,Preconstruction,13.727335640138408,0.0
P00031,2,Site Preparation,9.23044982698962,13.727335640138406
P00031,3,Earthwork,26.034602076124568,22.95778546712803
P00031,4,Foundation,25.324567474048443,48.9923875432526
P00031,5,Structural Frame,79.52387543252595,74.31695501730104
P00031,6,Masonry,54.67266435986159,153.840830449827
P00031,7,MEP,46.62560553633218,208.51349480968858
P00031,8,Finishing,60.352941176470594,255.13910034602077
P00031,9,External Works,18.46089965397924,315.4920415224914
P00031,10,Commissioning,8.047058823529412,333.9529411764706
P00032,1,Preconstruction,13.029499786233432,0.0
P00032,2,Site Preparation,12.000855066267636,13.029499786233433
P00032,3,Earthwork,36.859769132107736,25.03035485250107
P00032,4,Foundation,37.71697306541257,61.8901239846088
P00032,5,Structural Frame,90.52073535699017,99.60709705002137
P00032,6,Masonry,58.63274903805044,190.12783240701154
P00032,7,MEP,60.861479264643016,248.760581445062
P00032,8,Finishing,69.60495938435228,309.62206070970495
P00032,9,External Works,16.115433946130825,379.22702009405725
P00032,10,Commissioning,5.657545959811886,395.3424540401881
P00033,1,Preconstruction,13.369851007887817,0.0
P00033,2,Site Preparation,6.239263803680982,13.369851007887819
P00033,3,Earthwork,31.196319018404907,19.6091148115688
P00033,4,Foundation,19.906222611744084,50.80543382997371
P00033,5,Structural Frame,76.6538124452235,70.7116564417178
P00033,6,Masonry,60.31288343558282,147.3654688869413
P00033,7,MEP,51.102541630148984,207.6783523225241
P00033,8,Finishing,57.93602103418054,258.78089395267307
P00033,9,External Works,13.964066608238387,316.7169149868536
P00033,10,Commissioning,8.319018404907975,330.680981595092
P00034,1,Preconstruction,8.928012519561815,0.0
P00034,2,Site Preparation,7.397496087636934,8.928012519561815
P00034,3,Earthwork,35.967136150234744,16.32550860719875
P00034,4,Foundation,23.4679186228482,52.29264475743349
P00034,5,Structural Frame,65.55712050078247,75.7605633802817
P00034,6,Masonry,57.64945226917058,141.31768388106417
P00034,7,MEP,53.82316118935837,198.96713615023475
P00034,8,Finishing,51.52738654147105,252.7902973395931
P00034,9,External Works,12.754303599374023,304.3176838810642
P00034,10,Commissioning,8.928012519561815,317.07198748043817
P00035,1,Preconstruction,10.071197411003237,0.0
P00035,2,Site Preparation,12.588996763754045,10.071197411003235
P00035,3,Earthwork,26.688673139158578,22.660194174757283
P00035,4,Foundation,34.74563106796116,49.34886731391587
P00035,5,Structural Frame,80.31779935275081,84.09449838187702
P00035,6,Masonry,69.99482200647249,164.41229773462783
P00035,7,MEP,65.46278317152104,234.4071197411003
P00035,8,Finishing,67.47702265372168,299.86990291262134
P00035,9,External Works,12.085436893203884,367.34692556634303
P00035,10,Commissioning,9.567637540453074,379.43236245954694
P00036,1,Preconstruction,8.486832740213524,0.0
P00036,2,Site Preparation,8.101067615658362,8.486832740213526
P00036,3,Earthwork,25.074733096085406,16.587900355871884
P00036,4,Foundation,20.638434163701067,41.66263345195729
P00036,5,Structural Frame,49.95658362989324,62.30106761565836
P00036,6,Masonry,54.2,112.2576512455516
P00036,7,MEP,46.29181494661922,166.4576512455516
P00036,8,Finishing,38.76939501779359,212.74946619217084
P00036,9,External Works,13.887544483985765,251.51886120996443
P00036,10,Commissioning,5.593594306049822,265.4064056939502
P00037,1,Preconstruction,14.954967834167261,0.0
P00037,2,Site Preparation,8.38384560400286,14.954967834167261
P00037,3,Earthwork,27.64403145103645,23.338813438170124
P00037,4,Foundation,30.13652609006433,50.98284488920657
P00037,5,Structural Frame,63.21872766261615,81.11937097927091
P00037,6,Masonry,48.4903502501787,144.33809864188706
P00037,7,MEP,48.94353109363831,192.82844889206575
P00037,8,Finishing,52.795568263045034,241.7719799857041
P00037,9,External Works,15.18155825589707,294.5675482487491
P00037,10,Commissioning,7.250893495353824,309.7491065046462
P00038,1,Preconstruction,15.916167664670658,0.0
P00038,2,Site Preparation,13.794011976047905,15.91616766467066
P00038,3,Earthwork,39.25988023952095,29.710179640718565
P00038,4,Foundation,34.219760479041916,68.97005988023952
P00038,5,Structural Frame,85.94730538922155,103.18982035928144
P00038,6,Masonry,87.27365269461077,189.137125748503
P00038,7,MEP,67.6437125748503,276.4107784431138
P00038,8,Finishing,77.45868263473055,344.05449101796404
P00038,9,External Works,15.120359281437125,421.5131736526946
P00038,10,Commissioning,6.366467065868264,436.6335329341317
P00039,1,Preconstruction,15.240458015267176,0.0
P00039,2,Site Preparation,8.928753180661579,15.240458015267174
P00039,3,Earthwork,23.39949109414758,24.169211195928757
P00039,4,Foundation,27.863867684478375,47.56870229007633
P00039,5,Structural Frame,94.52162849872774,75.43256997455471
P00039,6,Masonry,51.10941475826972,169.95419847328242
P00039,7,MEP,56.18956743002544,221.06361323155218
P00039,8,Finishing,61.88549618320611,277.25318066157763
P00039,9,External Works,16.010178117048344,339.13867684478373
P00039,10,Commissioning,7.851145038167939,355.14885496183206
P00040,1,Preconstruction,25.098966829798805,0.0
P00040,2,Site Preparation,11.182707993474715,25.098966829798805
P00040,3,Earthwork,41.50027188689505,36.28167482327352
P00040,4,Foundation,34.79064709081022,77.78194671016857
P00040,5,Structural Frame,86.72811310494833,112.57259380097878
P00040,6,Masonry,76.29091897770527,199.30070690592711
P00040,7,MEP,64.61120174007613,275.5916258836324
P00040,8,Finishing,83.24904839586732,340.2028276237085
P00040,9,External Works,21.12289287656335,423.4518760195758
P00040,10,Commissioning,12.425231103860794,444.57476889613923
P00041,1,Preconstruction,15.485776805251641,0.0
P00041,2,Site Preparation,10.323851203501095,15.485776805251641
P00041,3,Earthwork,21.38512035010941,25.809628008752732
P00041,4,Foundation,25.072210065645514,47.19474835886215
P00041,5,Structural Frame,57.51859956236324,72.26695842450766
P00041,6,Masonry,68.21115973741794,129.78555798687088
P00041,7,MEP,50.881838074398246,197.99671772428886
P00041,8,Finishing,65.63019693654267,248.8785557986871
P00041,9,External Works,14.74835886214442,314.5087527352298
P00041,10,Commissioning,7.7428884026258205,329.2571115973742
P00042,1,Preconstruction,10.154905335628227,0.0
P00042,2,Site Preparation,11.187607573149743,10.154905335628227
P00042,3,Earthwork,23.23580034423408,21.34251290877797
P00042,4,Foundation,26.333907056798623,44.57831325301204
P00042,5,Structural Frame,65.92082616179002,70.91222030981066
P00042,6,Masonry,48.53700516351119,136.83304647160068
P00042,7,MEP,42.16867469879518,185.37005163511188
P00042,8,Finishing,60.06884681583477,227.53872633390705
P00042,9,External Works,9.638554216867469,287.6075731497418
P00042,10,Commissioning,2.7538726333907055,297.2461273666093
P00043,1,Preconstruction,15.737931034482758,0.0
P00043,2,Site Preparation,10.242145593869731,15.737931034482758
P00043,3,Earthwork,19.984674329501914,25.980076628352492
P00043,4,Foundation,23.232183908045975,45.9647509578544
P00043,5,Structural Frame,60.70344827586207,69.19693486590039
P00043,6,Masonry,70.19616858237548,129.90038314176246
P00043,7,MEP,41.71800766283525,200.09655172413792
P00043,8,Finishing,60.20383141762452,241.81455938697317
P00043,9,External Works,14.488888888888889,302.0183908045977
P00043,10,Commissioning,9.49272030651341,316.50727969348657
P00044,1,Preconstruction,14.464658169177289,0.0
P00044,2,Site Preparation,13.077636152954808,14.464658169177289
P00044,3,Earthwork,29.920046349942062,27.5422943221321
P00044,4,Foundation,27.146002317497107,57.46234067207416
P00044,5,Structural Frame,79.06025492468135,84.60834298957127
P00044,6,Masonry,54.886442641946694,163.66859791425262
P00044,7,MEP,49.93279258400927,218.55504055619932
P00044,8,Finishing,51.91425260718424,268.4878331402085
P00044,9,External Works,18.229432213209734,320.4020857473928
P00044,10,Commissioning,3.3684820393974504,338.63151796060254
P00045,1,Preconstruction,15.998359310910583,0.0
P00045,2,Site Preparation,15.018867924528301,15.998359310910583
P00045,3,Earthwork,28.405250205086137,31.017227235438884
P00045,4,Foundation,35.2616899097621,59.422477440525014
P00045,5,Structural Frame,84.23625922887612,94.68416735028711
P00045,6,Masonry,68.89089417555373,178.92042657916323
P00045,7,MEP,55.5045118949959,247.81132075471697
P00045,8,Finishing,71.50287120590649,303.31583264971283
P00045,9,External Works,16.32485643970468,374.8187038556194
P00045,10,Commissioning,6.856439704675964,391.14356029532405
P00046,1,Preconstruction,12.066666666666666,0.0
P00046,2,Site Preparation,9.208771929824561,12.066666666666666
P00046,3,Earthwork,32.38947368421053,21.275438596491227
P00046,4,Foundation,28.26140350877193,53.664912280701756
P00046,5,Structural Frame,72.87631578947368,81.92631578947369
P00046,6,Masonry,62.71491228070176,154.80263157894737
P00046,7,MEP,60.650877192982456,217.51754385964912
P00046,8,Finishing,61.603508771929825,278.16842105263163
P00046,9,External Works,14.765789473684212,339.7719298245614
P00046,10,Commissioning,7.462280701754387,354.53771929824563
P00047,1,Preconstruction,8.820725388601037,0.0
P00047,2,Site Preparation,7.245595854922279,8.820725388601037
P00047,3,Earthwork,26.77720207253886,16.066321243523316
P00047,4,Foundation,24.25699481865285,42.84352331606218
P00047,5,Structural Frame,60.169948186528494,67.10051813471503
P00047,6,Masonry,58.909844559585494,127.27046632124352
P00047,7,MEP,48.82901554404145,186.180310880829
P00047,8,Finishing,52.924352331606215,235.0093264248705
P00047,9,External Works,10.710880829015544,287.9336787564767
P00047,10,Commissioning,5.355440414507772,298.64455958549223
P00048,1,Preconstruction,8.90520694259012,0.0
P00048,2,Site Preparation,5.61415220293725,8.90520694259012
P00048,3,Earthwork,28.651535380507344,14.519359145527371
P00048,4,Foundation,19.74632843791722,43.17089452603471
P00048,5,Structural Frame,55.7543391188251,62.91722296395193
P00048,6,Masonry,56.141522029372496,118.67156208277702
P00048,7,MEP,42.97730307076102,174.8130841121495
P00048,8,Finishing,52.07610146862483,217.79038718291054
P00048,9,External Works,14.325767690253672,269.8664886515354
P00048,10,Commissioning,5.807743658210948,284.19225634178906
P00049,1,Preconstruction,21.770999999999997,0.0
P00049,2,Site Preparation,7.7490000000000006,21.770999999999994
P00049,3,Earthwork,26.198999999999998,29.519999999999996
P00049,4,Foundation,21.402,55.718999999999994
P00049,5,Structural Frame,78.228,77.121
P00049,6,Masonry,66.42,155.349
P00049,7,MEP,60.516000000000005,221.76899999999995
P00049,8,Finishing,57.564,282.28499999999997
P00049,9,External Works,15.498000000000001,339.849
P00049,10,Commissioning,13.652999999999999,355.347
P00050,1,Preconstruction,23.815384615384616,0.0
P00050,2,Site Preparation,10.962637362637363,23.81538461538462
P00050,3,Earthwork,39.69230769230769,34.77802197802198
P00050,4,Foundation,27.973626373626374,74.47032967032968
P00050,5,Structural Frame,62.75164835164835,102.44395604395604
P00050,6,Masonry,46.11868131868132,165.1956043956044
P00050,7,MEP,52.92307692307693,211.31428571428572
P00050,8,Finishing,53.67912087912088,264.23736263736265
P00050,9,External Works,17.767032967032964,317.91648351648354
P00050,10,Commissioning,8.316483516483517,335.6835164835165
P00051,1,Preconstruction,9.13595166163142,0.0
P00051,2,Site Preparation,9.788519637462237,9.13595166163142
P00051,3,Earthwork,18.27190332326284,18.92447129909366
P00051,4,Foundation,24.580060422960724,37.1963746223565
P00051,5,Structural Frame,71.56495468277946,61.77643504531723
P00051,6,Masonry,44.157099697885194,133.34138972809666
P00051,7,MEP,40.45921450151057,177.49848942598186
P00051,8,Finishing,54.81570996978852,217.95770392749247
P00051,9,External Works,8.483383685800604,272.77341389728093
P00051,10,Commissioning,6.743202416918429,281.25679758308155
P00052,1,Preconstruction,11.464968152866241,0.0
P00052,2,Site Preparation,9.426751592356688,11.464968152866241
P00052,3,Earthwork,20.127388535031848,20.89171974522293
P00052,4,Foundation,22.420382165605094,41.019108280254784
P00052,5,Structural Frame,72.61146496815287,63.439490445859875
P00052,6,Masonry,57.324840764331206,136.05095541401275
P00052,7,MEP,48.66242038216561,193.37579617834396
P00052,8,Finishing,59.872611464968145,242.03821656050957
P00052,9,External Works,10.19108280254777,301.9108280254777
P00052,10,Commissioning,7.898089171974522,312.1019108280255
P00053,1,Preconstruction,10.867271228359439,0.0
P00053,2,Site Preparation,12.260511129431162,10.867271228359439
P00053,3,Earthwork,36.2242374278648,23.1277823577906
P00053,4,Foundation,27.86479802143446,59.35201978565539
P00053,5,Structural Frame,78.0214344600165,87.21681780708987
P00053,6,Masonry,51.271228359439405,165.23825226710636
P00053,7,MEP,46.53421269579555,216.50948062654575
P00053,8,Finishing,53.221764220939825,263.04369332234137
P00053,9,External Works,13.653751030502885,316.2654575432812
P00053,10,Commissioning,8.080791426215994,329.91920857378403
P00054,1,Preconstruction,12.727272727272728,0.0
P00054,2,Site Preparation,10.909090909090908,12.727272727272728
P00054,3,Earthwork,30.606060606060606,23.636363636363637
P00054,4,Foundation,28.484848484848484,54.242424242424235
P00054,5,Structural Frame,93.03030303030303,82.72727272727272
P00054,6,Masonry,70.9090909090909,175.75757575757575
P00054,7,MEP,61.21212121212121,246.66666666666666
P00054,8,Finishing,71.2121212121212,307.8787878787879
P00054,9,External Works,24.242424242424242,379.09090909090907
P00054,10,Commissioning,6.666666666666667,403.3333333333333
P00055,1,Preconstruction,14.153225806451614,0.0
P00055,2,Site Preparation,9.435483870967742,14.153225806451614
P00055,3,Earthwork,33.024193548387096,23.588709677419352
P00055,4,Foundation,31.137096774193548,56.61290322580645
P00055,5,Structural Frame,76.74193548387098,87.75
P00055,6,Masonry,66.04838709677419,164.49193548387098
P00055,7,MEP,60.07258064516129,230.54032258064518
P00055,8,Finishing,68.25,290.61290322580646
P00055,9,External Works,18.870967741935484,358.86290322580646
P00055,10,Commissioning,12.266129032258064,377.73387096774195
P00056,1,Preconstruction,12.27214741318214,0.0
P00056,2,Site Preparation,5.192062367115521,12.27214741318214
P00056,3,Earthwork,33.27639971651311,17.464209780297665
P00056,4,Foundation,28.792345854004253,50.74060949681078
P00056,5,Structural Frame,60.652728561304045,79.53295535081504
P00056,6,Masonry,54.988660524450744,140.18568391211906
P00056,7,MEP,46.25655563430191,195.1743444365698
P00056,8,Finishing,63.720765414599576,241.43090007087173
P00056,9,External Works,18.880226789510985,305.1516654854713
P00056,10,Commissioning,8.968107725017717,324.0318922749823
P00057,1,Preconstruction,8.674521354933727,0.0
P00057,2,Site Preparation,11.413843888070693,8.674521354933725
P00057,3,Earthwork,34.241531664212076,20.088365243004418
P00057,4,Foundation,28.991163475699558,54.32989690721649
P00057,5,Structural Frame,56.384388807069215,83.32106038291606
P00057,6,Masonry,50.220913107511045,139.70544918998527
P00057,7,MEP,40.40500736377025,189.92636229749633
P00057,8,Finishing,55.24300441826215,230.33136966126654
P00057,9,External Works,16.207658321060382,285.57437407952875
P00057,10,Commissioning,8.217967599410898,301.7820324005891
P00058,1,Preconstruction,9.937616968184654,0.0
P00058,2,Site Preparation,13.470991890205863,9.937616968184653
P00058,3,Earthwork,28.708671241422334,23.40860885839052
P00058,4,Foundation,30.033686837180287,52.11728009981286
P00058,5,Structural Frame,77.07174048658764,82.15096693699316
P00058,6,Masonry,57.19650655021834,159.22270742358077
P00058,7,MEP,51.675608234560194,216.41921397379915
P00058,8,Finishing,64.26325639426076,268.09482220835935
P00058,9,External Works,16.121023081721773,332.3580786026201
P00058,10,Commissioning,5.520898315658141,348.47910168434186
P00059,1,Preconstruction,13.636420919974794,0.0
P00059,2,Site Preparation,7.937618147448014,13.636420919974796
P00059,3,Earthwork,24.219911783238818,21.574039067422813
P00059,4,Foundation,24.219911783238818,45.79395085066163
P00059,5,Structural Frame,72.86326402016384,70.01386263390044
P00059,6,Masonry,51.4927536231884,142.87712665406428
P00059,7,MEP,49.86452425960933,194.3698802772527
P00059,8,Finishing,58.616257088846886,244.234404536862
P00059,9,External Works,12.61877756773787,302.8506616257089
P00059,10,Commissioning,7.530560806553246,315.46943919344676
P00060,1,Preconstruction,9.0,0.0
P00060,2,Site Preparation,8.0,9.0
P00060,3,Earthwork,26.75,17.0
P00060,4,Foundation,24.0,43.75
P00060,5,Structural Frame,64.5,67.75
P00060,6,Masonry,59.5,132.25
P00060,7,MEP,36.0,191.75
P00060,8,Finishing,62.0,227.75
P00060,9,External Works,13.5,289.75
P00060,10,Commissioning,6.75,303.25
P00061,1,Preconstruction,8.196428571428571,0.0
P00061,2,Site Preparation,7.7760989010989015,8.196428571428571
P00061,3,Earthwork,24.79945054945055,15.97252747252747
P00061,4,Foundation,18.70467032967033,40.77197802197802
P00061,5,Structural Frame,64.5206043956044,59.47664835164835
P00061,6,Masonry,46.23626373626373,123.99725274725273
P00061,7,MEP,53.8021978021978,170.23351648351647
P00061,8,Finishing,61.157967032967036,224.0357142857143
P00061,9,External Works,15.131868131868131,285.1936813186813
P00061,10,Commissioning,5.674450549450549,300.32554945054943
P00062,1,Preconstruction,12.387096774193548,0.0
P00062,2,Site Preparation,7.946439440048691,12.387096774193546
P00062,3,Earthwork,29.21485088253195,20.33353621424224
P00062,4,Foundation,32.25319537431528,49.54838709677419
P00062,5,Structural Frame,93.253804017042,81.80158247108949
P00062,6,Masonry,57.494826536822885,175.0553864881315
P00062,7,MEP,56.559951308581866,232.55021302495433
P00062,8,Finishing,71.05051734631772,289.1101643335362
P00062,9,External Works,16.594035301278147,360.16068167985395
P00062,10,Commissioning,7.245283018867925,376.75471698113205
P00063,1,Preconstruction,12.296252230814991,0.0
P00063,2,Site Preparation,10.97204045211184,12.296252230814991
P00063,3,Earthwork,22.889946460440214,23.268292682926827
P00063,4,Foundation,29.132659131469364,46.15823914336704
P00063,5,Structural Frame,69.61570493753717,75.2908982748364
P00063,6,Masonry,55.42772159428912,144.90660321237357
P00063,7,MEP,45.21237358715051,200.33432480666272
P00063,8,Finishing,55.42772159428912,245.54669839381322
P00063,9,External Works,11.728732897085068,300.97441998810234
P00063,10,Commissioning,5.2968471148126115,312.70315288518736
P00064,1,Preconstruction,6.639344262295081,0.0
P00064,2,Site Preparation,8.763934426229508,6.639344262295081
P00064,3,Earthwork,32.4,15.403278688524587
P00064,4,Foundation,18.85573770491803,47.803278688524586
P00064,5,Structural Frame,69.04918032786885,66.65901639344263
P00064,6,Masonry,53.11475409836065,135.70819672131148
P00064,7,MEP,55.23934426229508,188.82295081967212
P00064,8,Finishing,58.160655737704914,244.0622950819672
P00064,9,External Works,13.01311475409836,302.2229508196721
P00064,10,Commissioning,8.763934426229508,315.2360655737705
P00065,1,Preconstruction,8.459723352318958,0.0
P00065,2,Site Preparation,7.77379983726607,8.459723352318958
P00065,3,Earthwork,22.178193653376727,16.233523189585025
P00065,4,Foundation,22.864117168429615,38.41171684296175
P00065,5,Structural Frame,53.502034174125306,61.275834011391375
P00065,6,Masonry,54.18795768917819,114.77786818551668
P00065,7,MEP,37.26851098454028,168.96582587469487
P00065,8,Finishing,57.160292921074046,206.23433685923513
P00065,9,External Works,8.459723352318958,263.3946297803092
P00065,10,Commissioning,9.145646867371848,271.85435313262815
P00066,1,Preconstruction,25.190261496844006,0.0
P00066,2,Site Preparation,9.096483318304779,25.19026149684401
P00066,3,Earthwork,23.440937781785394,34.286744815148786
P00066,4,Foundation,30.088367899008112,57.72768259693418
P00066,5,Structural Frame,85.36699729486023,87.81605049594228
P00066,6,Masonry,73.8214607754734,173.1830477908025
P00066,7,MEP,59.12714156898106,247.0045085662759
P00066,8,Finishing,55.978358881875565,306.13165013525696
P00066,9,External Works,17.843101893597836,362.11000901713254
P00066,10,Commissioning,8.046889089269612,379.9531109107304
P00067,1,Preconstruction,17.02970297029703,0.0
P00067,2,Site Preparation,7.073876618431075,17.02970297029703
P00067,3,Earthwork,20.435643564356436,24.103579588728106
P00067,4,Foundation,26.723533891850725,44.53922315308455
P00067,5,Structural Frame,75.1926884996192,71.26275704493527
P00067,6,Masonry,62.61690784463062,146.45544554455446
P00067,7,MEP,56.5910129474486,209.07235338918505
P00067,8,Finishing,59.47296268088348,265.66336633663366
P00067,9,External Works,11.78979436405179,325.1363290175172
P00067,10,Commissioning,7.073876618431075,336.9261233815689
P00068,1,Preconstruction,14.65553235908142,0.0
P00068,2,Site Preparation,11.724425887265136,14.655532359081418
P00068,3,Earthwork,37.127348643006265,26.379958246346554
P00068,4,Foundation,38.10438413361169,63.50730688935282
P00068,5,Structural Frame,106.82254697286012,101.6116910229645
P00068,6,Masonry,87.28183716075156,208.43423799582465
P00068,7,MEP,69.69519832985387,295.71607515657615
P00068,8,Finishing,79.46555323590813,365.41127348643005
P00068,9,External Works,17.5866388308977,444.8768267223382
P00068,10,Commissioning,5.536534446764092,462.4634655532359
P00069,1,Preconstruction,9.024064171122994,0.0
P00069,2,Site Preparation,7.219251336898395,9.024064171122994
P00069,3,Earthwork,22.45989304812834,16.243315508021393
P00069,4,Foundation,20.053475935828878,38.703208556149725
P00069,5,Structural Frame,63.168449197860966,58.7566844919786
P00069,6,Masonry,51.7379679144385,121.92513368983957
P00069,7,MEP,46.32352941176471,173.6631016042781
P00069,8,Finishing,62.36631016042781,219.9866310160428
P00069,9,External Works,10.628342245989305,282.3529411764706
P00069,10,Commissioning,7.018716577540107,292.9812834224599
P00070,1,Preconstruction,12.135940409683425,0.0
P00070,2,Site Preparation,10.858472998137803,12.135940409683425
P00070,3,Earthwork,29.381750465549352,22.994413407821227
P00070,4,Foundation,24.591247672253257,52.37616387337057
P00070,5,Structural Frame,70.58007448789571,76.96741154562382
P00070,6,Masonry,53.3342644320298,147.54748603351953
P00070,7,MEP,56.52793296089385,200.88175046554932
P00070,8,Finishing,59.40223463687151,257.40968342644317
P00070,9,External Works,19.162011173184357,316.81191806331475
P00070,10,Commissioning,7.026070763500931,335.9739292364991
P00071,1,Preconstruction,9.258373205741627,0.0
P00071,2,Site Preparation,9.258373205741627,9.258373205741627
P00071,3,Earthwork,34.56459330143541,18.516746411483254
P00071,4,Foundation,30.86124401913876,53.081339712918655
P00071,5,Structural Frame,86.10287081339713,83.94258373205743
P00071,6,Masonry,55.55023923444976,170.04545454545456
P00071,7,MEP,67.27751196172248,225.5956937799043
P00071,8,Finishing,71.28947368421052,292.8732057416268
P00071,9,External Works,12.961722488038278,364.1626794258373
P00071,10,Commissioning,9.875598086124402,377.1244019138756
P00072,1,Preconstruction,19.872960372960375,0.0
P00072,2,Site Preparation,7.747086247086248,19.872960372960375
P00072,3,Earthwork,20.20979020979021,27.620046620046626
P00072,4,Foundation,21.893939393939394,47.829836829836836
P00072,5,Structural Frame,48.166666666666664,69.72377622377624
P00072,6,Masonry,42.44055944055944,117.8904428904429
P00072,7,MEP,45.47202797202797,160.33100233100234
P00072,8,Finishing,54.9032634032634,205.8030303030303
P00072,9,External Works,21.22027972027972,260.7062937062937
P00072,10,Commissioning,7.073426573426573,281.92657342657344
P00073,1,Preconstruction,11.735414954806902,0.0
P00073,2,Site Preparation,8.563681183237469,11.7354149548069
P00073,3,Earthwork,41.232539030402634,20.29909613804437
P00073,4,Foundation,34.254724732949875,61.531635168447
P00073,5,Structural Frame,78.65899753492194,95.78635990139689
P00073,6,Masonry,68.50944946589975,174.44535743631883
P00073,7,MEP,36.79211175020542,242.95480690221854
P00073,8,Finishing,76.75595727198028,279.74691865242403
P00073,9,External Works,19.664749383730484,356.50287592440424
P00073,10,Commissioning,9.832374691865242,376.16762530813475
P00074,1,Preconstruction,10.153846153846155,0.0
P00074,2,Site Preparation,6.705370101596516,10.153846153846155
P00074,3,Earthwork,18.966618287373006,16.85921625544267
P00074,4,Foundation,19.349782293178517,35.82583454281567
P00074,5,Structural Frame,60.15674891146589,55.1756168359942
P00074,6,Masonry,54.02612481857765,115.3323657474601
P00074,7,MEP,34.29317851959361,169.35849056603774
P00074,8,Finishing,44.83018867924528,203.65166908563134
P00074,9,External Works,10.153846153846155,248.48185776487665
P00074,10,Commissioning,5.364296081277213,258.6357039187228
P00075,1,Preconstruction,8.627212948912494,0.0
P00075,2,Site Preparation,11.9453717754173,8.627212948912494
P00075,3,Earthwork,29.863429438543246,20.57258472432979
P00075,4,Foundation,25.38391502276176,50.43601416287305
P00075,5,Structural Frame,76.81537683358624,75.8199291856348
P00075,6,Masonry,49.606474456246836,152.63530601922105
P00075,7,MEP,46.95194739504299,202.2417804754679
P00075,8,Finishing,57.57005563985837,249.19372787051088
P00075,9,External Works,15.263530601922104,306.7637835103692
P00075,10,Commissioning,5.97268588770865,322.0273141122914
P00076,1,Preconstruction,11.31048387096774,0.0
P00076,2,Site Preparation,11.975806451612904,11.31048387096774
P00076,3,Earthwork,23.508064516129036,23.286290322580644
P00076,4,Foundation,29.2741935483871,46.79435483870968
P00076,5,Structural Frame,74.29435483870968,76.06854838709678
P00076,6,Masonry,61.431451612903224,150.36290322580646
P00076,7,MEP,45.02016129032258,211.7943548387097
P00076,8,Finishing,55.44354838709677,256.81451612903226
P00076,9,External Works,13.306451612903226,312.258064516129
P00076,10,Commissioning,4.435483870967742,325.56451612903226
P00077,1,Preconstruction,16.215954875100724,0.0
P00077,2,Site Preparation,9.667203867848508,16.215954875100728
P00077,3,Earthwork,37.73327961321515,25.883158742949234
P00077,4,Foundation,43.03464947622885,63.616438356164394
P00077,5,Structural Frame,77.33763094278807,106.65108783239323
P00077,6,Masonry,64.55197421434328,183.98871877518133
P00077,7,MEP,50.51893634165995,248.54069298952456
P00077,8,Finishing,64.55197421434328,299.05962933118457
P00077,9,External Works,14.03303787268332,363.61160354552777
P00077,10,Commissioning,9.35535858178888,377.6446414182111
P00078,1,Preconstruction,13.651785714285714,0.0
P00078,2,Site Preparation,9.308035714285714,13.651785714285714
P00078,3,Earthwork,24.200892857142858,22.959821428571427
P00078,4,Foundation,16.133928571428573,47.16071428571429
P00078,5,Structural Frame,65.46651785714286,63.29464285714286
P00078,6,Masonry,40.955357142857146,128.76116071428572
P00078,7,MEP,37.232142857142854,169.71651785714286
P00078,8,Finishing,48.71205357142857,206.94866071428572
P00078,9,External Works,14.892857142857142,255.6607142857143
P00078,10,Commissioning,7.446428571428571,270.55357142857144
P00079,1,Preconstruction,12.03095975232198,0.0
P00079,2,Site Preparation,8.297213622291022,12.03095975232198
P00079,3,Earthwork,24.476780185758514,20.328173374613
P00079,4,Foundation,27.380804953560368,44.804953560371516
P00079,5,Structural Frame,73.43034055727554,72.18575851393189
P00079,6,Masonry,54.55417956656347,145.61609907120743
P00079,7,MEP,51.235294117647065,200.17027863777088
P00079,8,Finishing,64.92569659442724,251.405572755418
P00079,9,External Works,11.823529411764707,316.33126934984523
P00079,10,Commissioning,6.845201238390092,328.1547987616099
P00080,1,Preconstruction,11.349135527049636,0.0
P00080,2,Site Preparation,10.154489682097044,11.349135527049636
P00080,3,Earthwork,25.08756274400446,21.50362520914668
P00080,4,Foundation,30.662576687116566,46.591187953151135
P00080,5,Structural Frame,79.24484104852203,77.25376464026769
P00080,6,Masonry,59.931399888455104,156.49860568878975
P00080,7,MEP,51.76798661461238,216.43000557724486
P00080,8,Finishing,63.11712214166202,268.1979921918572
P00080,9,External Works,17.9196876742889,331.3151143335192
P00080,10,Commissioning,7.765197992191857,349.2348020078081
P00081,1,Preconstruction,10.228971962616821,0.0
P00081,2,Site Preparation,9.609034267912772,10.228971962616821
P00081,3,Earthwork,43.705607476635514,19.838006230529594
P00081,4,Foundation,30.37694704049844,63.54361370716511
P00081,5,Structural Frame,70.9828660436137,93.92056074766354
P00081,6,Masonry,66.95327102803738,164.90342679127724
P00081,7,MEP,77.1822429906542,231.85669781931463
P00081,8,Finishing,64.47352024922118,309.03894080996884
P00081,9,External Works,17.668224299065418,373.51246105919
P00081,10,Commissioning,6.819314641744548,391.1806853582554
P00082,1,Preconstruction,13.883349012229539,0.0
P00082,2,Site Preparation,7.384760112888053,13.883349012229537
P00082,3,Earthwork,27.175917215428033,21.268109125117594
P00082,4,Foundation,24.222013170272813,48.44402634054562
P00082,5,Structural Frame,55.238005644402634,72.66603951081844
P00082,6,Masonry,52.87488240827845,127.90404515522106
P00082,7,MEP,52.57949200376294,180.7789275634995
P00082,8,Finishing,58.782690498588906,233.35841956726244
P00082,9,External Works,16.83725305738476,292.14111006585136
P00082,10,Commissioning,5.021636876763876,308.97836312323614
P00083,1,Preconstruction,8.984547461368653,0.0
P00083,2,Site Preparation,9.955849889624723,8.984547461368653
P00083,3,Earthwork,21.85430463576159,18.940397350993376
P00083,4,Foundation,22.582781456953644,40.79470198675497
P00083,5,Structural Frame,74.06181015452539,63.37748344370861
P00083,6,Masonry,61.434878587196465,137.439293598234
P00083,7,MEP,43.70860927152318,198.87417218543047
P00083,8,Finishing,67.2626931567329,242.58278145695363
P00083,9,External Works,10.927152317880795,309.8454746136866
P00083,10,Commissioning,9.227373068432671,320.77262693156734
P00084,1,Preconstruction,20.031762837480148,0.0
P00084,2,Site Preparation,15.7067231339333,20.031762837480144
P00084,3,Earthwork,31.185812599258867,35.73848597141344
P00084,4,Foundation,37.33192165166755,66.9242985706723
P00084,5,Structural Frame,91.50873478030705,104.25622022233985
P00084,6,Masonry,68.06246691371095,195.76495500264693
P00084,7,MEP,58.957120169401804,263.8274219163578
P00084,8,Finishing,78.53361566966649,322.78454208575965
P00084,9,External Works,19.576495500264688,401.31815775542617
P00084,10,Commissioning,9.10534674430916,420.89465325569086
P00085,1,Preconstruction,17.609384164222874,0.0
P00085,2,Site Preparation,9.29384164222874,17.609384164222874
P00085,3,Earthwork,33.50674486803519,26.903225806451616
P00085,4,Foundation,29.104398826979473,60.4099706744868
P00085,5,Structural Frame,81.68797653958944,89.51436950146626
P00085,6,Masonry,77.77478005865103,171.20234604105573
P00085,7,MEP,67.25806451612902,248.97712609970677
P00085,8,Finishing,74.83988269794722,316.2351906158358
P00085,9,External Works,19.810557184750735,391.075073313783
P00085,10,Commissioning,6.1143695014662764,410.8856304985337
P00086,1,Preconstruction,14.666666666666666,0.0
P00086,2,Site Preparation,6.722222222222221,14.666666666666664
P00086,3,Earthwork,22.203703703703706,21.38888888888889
P00086,4,Foundation,22.407407407407405,43.592592592592595
P00086,5,Structural Frame,66.61111111111111,66.0
P00086,6,Masonry,58.87037037037037,132.6111111111111
P00086,7,MEP,47.66666666666667,191.48148148148147
P00086,8,Finishing,49.7037037037037,239.14814814814815
P00086,9,External Works,13.851851851851851,288.85185185185185
P00086,10,Commissioning,5.296296296296296,302.7037037037037
P00087,1,Preconstruction,9.384,0.0
P00087,2,Site Preparation,10.07911111111111,9.384
P00087,3,Earthwork,29.889777777777777,19.463111111111107
P00087,4,Foundation,34.06044444444444,49.352888888888884
P00087,5,Structural Frame,83.41333333333334,83.41333333333331
P00087,6,Masonry,76.46222222222222,166.82666666666665
P00087,7,MEP,78.8951111111111,243.28888888888886
P00087,8,Finishing,45.52977777777778,322.18399999999997
P00087,9,External Works,12.859555555555556,367.71377777777775
P00087,10,Commissioning,10.426666666666668,380.5733333333333
P00088,1,Preconstruction,14.906122448979591,0.0
P00088,2,Site Preparation,9.25986394557823,14.90612244897959
P00088,3,Earthwork,37.03945578231292,24.16598639455782
P00088,4,Foundation,23.940136054421767,61.20544217687073
P00088,5,Structural Frame,61.88299319727891,85.1455782312925
P00088,6,Masonry,57.81768707482993,147.0285714285714
P00088,7,MEP,45.62176870748299,204.84625850340132
P00088,8,Finishing,57.36598639455783,250.46802721088434
P00088,9,External Works,16.261224489795918,307.8340136054422
P00088,10,Commissioning,7.904761904761904,324.0952380952381
P00089,1,Preconstruction,23.406701030927834,0.0
P00089,2,Site Preparation,16.461855670103095,23.40670103092783
P00089,3,Earthwork,32.92371134020619,39.86855670103093
P00089,4,Foundation,36.52474226804124,72.79226804123712
P00089,5,Structural Frame,103.65824742268042,109.31701030927836
P00089,6,Masonry,90.02577319587628,212.97525773195878
P00089,7,MEP,75.36443298969071,303.001030927835
P00089,8,Finishing,93.62680412371134,378.3654639175258
P00089,9,External Works,15.43298969072165,471.99226804123714
P00089,10,Commissioning,11.574742268041238,487.42525773195877
P00090,1,Preconstruction,12.401202103681443,0.0
P00090,2,Site Preparation,6.200601051840722,12.401202103681445
P00090,3,Earthwork,25.983471074380166,18.601803155522166
P00090,4,Foundation,32.47933884297521,44.585274229902325
P00090,5,Structural Frame,73.81667918858001,77.06461307287755
P00090,6,Masonry,79.42674680691209,150.88129226145756
P00090,7,MEP,59.93914350112697,230.30803906836962
P00090,8,Finishing,69.0924117205109,290.24718256949666
P00090,9,External Works,22.735537190082646,359.3395942900075
P00090,10,Commissioning,10.924868519909843,382.07513148009014
P00091,1,Preconstruction,15.01284891448826,0.0
P00091,2,Site Preparation,10.299512627381478,15.01284891448826
P00091,3,Earthwork,26.53433761630483,25.312361541869738
P00091,4,Foundation,31.42224191404519,51.84669915817457
P00091,5,Structural Frame,82.91980505095259,83.26894107221975
P00091,6,Masonry,78.55560478511299,166.18874612317236
P00091,7,MEP,52.719539211342486,244.74435090828533
P00091,8,Finishing,70.87461231723526,297.4638901196279
P00091,9,External Works,17.631369073992023,368.3385024368631
P00091,10,Commissioning,8.030128489144882,385.9698715108551
P00092,1,Preconstruction,9.009,0.0
P00092,2,Site Preparation,7.3709999999999996,9.009
P00092,3,Earthwork,28.392,16.38
P00092,4,Foundation,25.116,44.772000000000006
P00092,5,Structural Frame,60.333,69.888
P00092,6,Masonry,47.501999999999995,130.221
P00092,7,MEP,40.949999999999996,177.723
P00092,8,Finishing,35.49,218.67299999999997
P00092,9,External Works,12.011999999999999,254.163
P00092,10,Commissioning,6.825,266.175
P00093,1,Preconstruction,7.213831478537361,0.0
P00093,2,Site Preparation,7.4324324324324325,7.213831478537361
P00093,3,Earthwork,19.89268680445151,14.646263910969797
P00093,4,Foundation,17.706677265500794,34.5389507154213
P00093,5,Structural Frame,60.989666136724956,52.2456279809221
P00093,6,Masonry,48.310810810810814,113.23529411764707
P00093,7,MEP,44.81319554848967,161.54610492845788
P00093,8,Finishing,52.68282988871224,206.35930047694754
P00093,9,External Works,11.14864864864865,259.0421303656598
P00093,10,Commissioning,4.8092209856915735,270.1907790143084
P00094,1,Preconstruction,12.042040358744394,0.0
P00094,2,Site Preparation,7.454596412556054,12.042040358744394
P00094,3,Earthwork,21.216928251121075,19.496636771300444
P00094,4,Foundation,27.524663677130043,40.71356502242153
P00094,5,Structural Frame,76.45739910313901,68.23822869955157
P00094,6,Masonry,64.98878923766816,144.69562780269058
P00094,7,MEP,54.667040358744394,209.68441704035874
P00094,8,Finishing,56.578475336322875,264.35145739910314
P00094,9,External Works,17.01177130044843,320.92993273542595
P00094,10,Commissioning,3.0582959641255605,337.94170403587447
P00095,1,Preconstruction,15.618599175985874,0.0
P00095,2,Site Preparation,9.320776927604474,15.618599175985874
P00095,3,Earthwork,35.267804590935846,24.939376103590348
P00095,4,Foundation,32.49676280164803,60.20718069452619
P00095,5,Structural Frame,109.3301942319011,92.70394349617423
P00095,6,Masonry,68.01648028251913,202.03413772807534
P00095,7,MEP,61.214832254267215,270.05061801059446
P00095,8,Finishing,70.53560918187169,331.26545026486167
P00095,9,External Works,17.381989405532668,401.80105944673335
P00095,10,Commissioning,8.816951147733961,419.18304885226604
P00096,1,Preconstruction,13.457164518574677,0.0
P00096,2,Site Preparation,9.285443517816526,13.457164518574677
P00096,3,Earthwork,22.069749810462472,22.7426080363912
P00096,4,Foundation,29.067475360121303,44.81235784685367
P00096,5,Structural Frame,76.30212282031842,73.87983320697496
P00096,6,Masonry,58.942380591357086,150.1819560272934
P00096,7,MEP,52.3483699772555,209.1243366186505
P00096,8,Finishing,67.95868081880212,261.47270659590595
P00096,9,External Works,17.359742228961334,329.43138741470807
P00096,10,Commissioning,8.208870356330554,346.7911296436694
P00097,1,Preconstruction,10.694300518134716,0.0
P00097,2,Site Preparation,7.212435233160622,10.694300518134714
P00097,3,Earthwork,20.393782383419687,17.906735751295333
P00097,4,Foundation,22.88082901554404,38.30051813471502
P00097,5,Structural Frame,54.21761658031088,61.181347150259064
P00097,6,Masonry,59.44041450777202,115.39896373056995
P00097,7,MEP,47.005181347150256,174.83937823834196
P00097,8,Finishing,48.994818652849744,221.84455958549222
P00097,9,External Works,9.202072538860103,270.83937823834196
P00097,10,Commissioning,7.958549222797927,280.04145077720204
P00098,1,Preconstruction,10.421924792861695,0.0
P00098,2,Site Preparation,8.374760994263863,10.421924792861695
P00098,3,Earthwork,25.124282982791588,18.796685787125558
P00098,4,Foundation,19.16889738687062,43.920968769917145
P00098,5,Structural Frame,61.787125557680056,63.089866156787764
P00098,6,Masonry,46.52644996813257,124.8769917144678
P00098,7,MEP,37.22115997450606,171.40344168260037
P00098,8,Finishing,59.73996175908221,208.62460165710647
P00098,9,External Works,17.493945188017847,268.3645634161887
P00098,10,Commissioning,6.1414913957935,285.8585086042065
P00099,1,Preconstruction,10.931011386470196,0.0
P00099,2,Site Preparation,9.216342933690555,10.931011386470196
P00099,3,Earthwork,23.79102478231748,20.14735432016075
P00099,4,Foundation,22.71935699933021,43.93837910247823
P00099,5,Structural Frame,65.15740120562626,66.65773610180844
P00099,6,Masonry,64.08573342263898,131.8151373074347
P00099,7,MEP,47.58204956463496,195.90087073007368
P00099,8,Finishing,55.9410582719357,243.48292029470863
P00099,9,External Works,14.146014735432015,299.42397856664434
P00099,10,Commissioning,6.430006697923644,313.56999330207634
P00100,1,Preconstruction,7.904120443740095,0.0
P00100,2,Site Preparation,4.742472266244056,7.904120443740095
P00100,3,Earthwork,22.131537242472266,12.646592709984152
P00100,4,Foundation,20.32488114104596,34.77812995245641
P00100,5,Structural Frame,62.78129952456419,55.103011093502374
P00100,6,Masonry,55.103011093502374,117.88431061806656
P00100,7,MEP,44.94057052297939,172.98732171156894
P00100,8,Finishing,45.843898573692556,217.92789223454832
P00100,9,External Works,15.80824088748019,263.7717908082409
P00100,10,Commissioning,5.419968304278923,279.58003169572106
