epoch,time,train/box_loss,train/cls_loss,train/dfl_loss,metrics/precision(B),metrics/recall(B),metrics/mAP50(B),metrics/mAP50-95(B),val/box_loss,val/cls_loss,val/dfl_loss,lr/pg0,lr/pg1,lr/pg2,lr/pg3,lr/pg4,lr/pg5,lr/pg6,lr/pg7
22,3761.98,0.99996,0.67597,0.9983,0.80541,0.69708,0.7568,0.57639,0.887,0.61432,0.97675,0.017526,0.005842,0.017526,0.005842,0.017526,0.005842,0.017526,0.005842
23,7484.81,0.99916,0.67392,0.99945,0.82767,0.69694,0.7635,0.58087,0.88155,0.60262,0.97564,0.016932,0.005644,0.016932,0.005644,0.016932,0.005644,0.016932,0.005644
24,11112.2,0.98986,0.66331,0.99533,0.8307,0.69762,0.77245,0.58873,0.88026,0.59755,0.97194,0.016338,0.005446,0.016338,0.005446,0.016338,0.005446,0.016338,0.005446
25,14739.5,0.97671,0.65334,0.98917,0.83219,0.70729,0.775,0.59016,0.87533,0.59098,0.97206,0.015744,0.005248,0.015744,0.005248,0.015744,0.005248,0.015744,0.005248
26,18367.4,0.98111,0.64813,0.98586,0.83006,0.6957,0.76968,0.58561,0.87198,0.5915,0.96749,0.01515,0.00505,0.01515,0.00505,0.01515,0.00505,0.01515,0.00505
27,21992.1,0.96985,0.6344,0.98254,0.81483,0.70255,0.76879,0.58911,0.86911,0.5856,0.96694,0.014556,0.004852,0.014556,0.004852,0.014556,0.004852,0.014556,0.004852
28,25620.2,0.96128,0.62478,0.97858,0.83154,0.70936,0.77778,0.59505,0.86618,0.57464,0.96646,0.013962,0.004654,0.013962,0.004654,0.013962,0.004654,0.013962,0.004654
29,29248.2,0.953,0.62022,0.97677,0.83122,0.70974,0.7798,0.59443,0.86307,0.5746,0.96837,0.013368,0.004456,0.013368,0.004456,0.013368,0.004456,0.013368,0.004456
30,39867.5,0.94588,0.61238,0.97339,0.83972,0.70838,0.78086,0.5968,0.86483,0.57097,0.96698,0.012774,0.004258,0.012774,0.004258,0.012774,0.004258,0.012774,0.004258
31,3470.09,0.90757,0.57239,0.95577,0.84448,0.70564,0.78348,0.59983,0.86139,0.56814,0.96671,0.01218,0.00406,0.01218,0.00406,0.01218,0.00406,0.01218,0.00406
32,6943.43,0.9038,0.56835,0.95537,0.83731,0.7164,0.78368,0.59684,0.85999,0.56587,0.96781,0.011586,0.003862,0.011586,0.003862,0.011586,0.003862,0.011586,0.003862
33,10415.2,0.89693,0.5606,0.95193,0.84341,0.71216,0.78481,0.5995,0.86004,0.56219,0.9664,0.010992,0.003664,0.010992,0.003664,0.010992,0.003664,0.010992,0.003664
34,13887.6,0.88365,0.5506,0.94785,0.84716,0.71216,0.78318,0.60061,0.8591,0.56075,0.96541,0.010398,0.003466,0.010398,0.003466,0.010398,0.003466,0.010398,0.003466
35,17360.3,0.88772,0.54588,0.94516,0.8398,0.72146,0.78283,0.60059,0.85977,0.56067,0.96508,0.009804,0.003268,0.009804,0.003268,0.009804,0.003268,0.009804,0.003268
36,20828.4,0.87642,0.53466,0.94119,0.84895,0.71488,0.78566,0.60191,0.86092,0.56011,0.96598,0.00921,0.00307,0.00921,0.00307,0.00921,0.00307,0.00921,0.00307
37,24295.1,0.86844,0.52714,0.93767,0.85352,0.70903,0.7835,0.60059,0.85871,0.55797,0.96572,0.008616,0.002872,0.008616,0.002872,0.008616,0.002872,0.008616,0.002872
38,27763.2,0.86248,0.52485,0.93728,0.85152,0.70751,0.78182,0.60131,0.85888,0.55903,0.96747,0.008022,0.002674,0.008022,0.002674,0.008022,0.002674,0.008022,0.002674
39,31231.5,0.87057,0.53016,0.9413,0.84376,0.7118,0.78259,0.6028,0.85791,0.55542,0.96646,0.007428,0.002476,0.007428,0.002476,0.007428,0.002476,0.007428,0.002476
40,34700.1,0.89481,0.54811,0.94819,0.83782,0.71601,0.78565,0.60334,0.85579,0.55214,0.96465,0.006834,0.002278,0.006834,0.002278,0.006834,0.002278,0.006834,0.002278
41,38189.2,0.86279,0.49877,0.92223,0.84186,0.72128,0.78526,0.60428,0.85549,0.55342,0.96566,0.00624,0.00208,0.00624,0.00208,0.00624,0.00208,0.00624,0.00208
42,41663.7,0.8521,0.48925,0.91903,0.84352,0.71796,0.7849,0.60492,0.85359,0.55219,0.9651,0.005646,0.001882,0.005646,0.001882,0.005646,0.001882,0.005646,0.001882
43,45138,0.84579,0.47901,0.91577,0.85116,0.71855,0.78379,0.60423,0.85258,0.55292,0.96459,0.005052,0.001684,0.005052,0.001684,0.005052,0.001684,0.005052,0.001684
44,48468.9,0.83473,0.46876,0.91063,0.85585,0.7124,0.78286,0.60321,0.85304,0.55448,0.96478,0.004458,0.001486,0.004458,0.001486,0.004458,0.001486,0.004458,0.001486
45,51727.1,0.82856,0.46155,0.90833,0.85043,0.713,0.78261,0.60248,0.8531,0.55454,0.9653,0.003864,0.001288,0.003864,0.001288,0.003864,0.001288,0.003864,0.001288
46,54986.9,0.82311,0.45549,0.90565,0.84553,0.71488,0.78222,0.60217,0.85337,0.55459,0.96561,0.00327,0.00109,0.00327,0.00109,0.00327,0.00109,0.00327,0.00109
47,58247.1,0.8127,0.44748,0.90253,0.84537,0.71184,0.78104,0.60146,0.85404,0.55462,0.96659,0.002676,0.000892,0.002676,0.000892,0.002676,0.000892,0.002676,0.000892
48,3393.87,0.80896,0.44038,0.89914,0.84248,0.71426,0.78053,0.60184,0.85414,0.55482,0.96649,0.002082,0.000694,0.002082,0.000694,0.002082,0.000694,0.002082,0.000694
49,6787.64,0.80317,0.43776,0.89826,0.85142,0.70822,0.77938,0.60156,0.85426,0.55506,0.96627,0.001488,0.000496,0.001488,0.000496,0.001488,0.000496,0.001488,0.000496
50,10182.7,0.79941,0.43146,0.89656,0.85314,0.70591,0.77888,0.60144,0.85438,0.55516,0.96625,0.000894,0.000298,0.000894,0.000298,0.000894,0.000298,0.000894,0.000298
